Modele,ETAT, Stockage,Secteur(Ville),description du telephone ,PRIX EN DH , plus dinfo Voir les liens suivants
iPhone 13 Pro,Neuf,256 GB,Souissi,IPhone 13 pro/12/IPad/macbooc pro/air/Galaxy,12799,https://www.avito.ma/fr/souissi/téléphones/IPhone_13_pro_12_IPad_macbooc_pro_air_Galaxy_45404515.htm
iPhone 11 Pro Max,Bon état,64 GB,Agdal,Iphone 11 pro max,4800,https://www.avito.ma/fr/agdal/téléphones/Iphone_11_pro_max_51620306.htm
iPhone 11,Bon état,64 GB,Assaka,iPhone 11 64G ,4300,https://www.avito.ma/fr/assaka/téléphones/iPhone_11_64G__51620226.htm
iPhone 11 Pro,Bon état,64 GB,Centre Ville,Iphone 11 pro ,4200,https://www.avito.ma/fr/centre_ville/téléphones/Iphone_11_pro__51620095.htm
iPhone 11 Pro Max,Bon état,256 GB,Assaka,iPhone 11 Pro Max 256G,6800,https://www.avito.ma/fr/assaka/téléphones/iPhone_11_Pro_Max_256G_51040086.htm
iPhone 11,Bon état,64 GB,Assaka,iPhone 11 64Gb bon etat ,4300,https://www.avito.ma/fr/assaka/téléphones/iPhone_11_64Gb_bon_etat__51535013.htm
iPhone 11 Pro,Bon état,256 GB,Assaka,iPhone 11 Pro 256GB,6000,https://www.avito.ma/fr/assaka/téléphones/iPhone_11_Pro_256GB_51534942.htm
iPhone 11 Pro Max,Bon état,256 GB,2 Mars,iPhone 11 Pro Max 256Go 82 ,6000,https://www.avito.ma/fr/2_mars/téléphones/iPhone_11_Pro_Max_256Go_82__51619875.htm
iPhone 11 Pro,Bon état,256 GB,Ben M'sick,IPhone 11 Pro ,4500,https://www.avito.ma/fr/ben_msick/téléphones/IPhone_11_Pro__51619831.htm
iPhone 13 Pro Max,Neuf,512 GB,2 Mars,Iphone 14 pro max/iPhone 14 pro/macbook air M/ipad,15000,https://www.avito.ma/fr/2_mars/téléphones/Iphone_14_pro_max_iPhone_14_pro_macbook_air_M_ipad_44980145.htm
iPhone 11,Neuf,64 GB,Seyad,Iphone 11 sans aucun rayures Batterie 93,4300,https://www.avito.ma/fr/seyad/téléphones/Iphone_11_sans_aucun_rayures_Batterie_93_51619160.htm
iPhone 11,Bon état,64 GB,Ain Sebaa,iPhone 11 normal ,3800,https://www.avito.ma/fr/ain_sebaa/téléphones/iPhone_11_normal__51618046.htm
iPhone 11,Neuf,64 GB,Oulfa,Iphone 11 64Gb très bon état ,4200,https://www.avito.ma/fr/oulfa/téléphones/Iphone_11_64Gb_très_bon_état__51617901.htm
iPhone 11 Pro,Bon état,256 GB,NONE,iphone 11 pro 256gb,5400,https://www.avito.ma/fr/meknès/téléphones/iphone_11_pro_256gb_51617600.htm
iPhone 11,Bon état,128 GB,Hay Dakhla,Iphone 11 a vendre 128giga,4700,https://www.avito.ma/fr/hay_dakhla/téléphones/Iphone_11_a_vendre_128giga_51615596.htm
iPhone 11 Pro,Neuf,64 GB,2 Mars,Iphone 11 pro,4500,https://www.avito.ma/fr/2_mars/téléphones/Iphone_11_pro_51615352.htm
iPhone 11 Pro Max,Bon état,64 GB,Hay Nahda,iPhone 11 Pro Max,6000,https://www.avito.ma/fr/hay_nahda/téléphones/iPhone_11_Pro_Max_51615102.htm
iPhone 11 Pro Max,Bon état,256 GB,Bettana,IPhone 11 pro Max 256,6499,https://www.avito.ma/fr/bettana/téléphones/IPhone_11_pro_Max_256_51612745.htm
NONE,Bon état,16 GB,Oasis,Lot iPhone 6 Samsung S10 Plus iPhone 5,2200,https://www.avito.ma/fr/oasis/téléphones/Lot_iPhone_6_Samsung_S10_Plus_iPhone_5_51611991.htm
iPhone XS Max,Bon état,256 GB,Hay Charaf,Iphone xs max 256,3200,https://www.avito.ma/fr/hay_charaf/téléphones/Iphone_xs_max_256_51610793.htm
iPhone 11 Pro,Bon état,256 GB,NONE,Iphone 11 pro ,4200,https://www.avito.ma/fr/rabat/téléphones/Iphone_11_pro__51610463.htm
iPhone 11,Bon état,64 GB,NONE,iphone 11 ,1500,https://www.avito.ma/fr/fès/téléphones/iphone_11__51610168.htm
iPhone 11 Pro Max,Neuf,256 GB,Anfa,Iphone 11 pro max 256gb usa,6400,https://www.avito.ma/fr/anfa/téléphones/Iphone_11_pro_max_256gb_usa_51609166.htm
iPhone 11,Neuf,256 GB,Agdal,Iphone 11. 256go batrie 79,4500,https://www.avito.ma/fr/agdal/téléphones/Iphone_11__256go_batrie_79_51608880.htm
iPhone 11,Bon état,128 GB,NONE,iPhone 11 normal 128gb,4300,https://www.avito.ma/fr/casablanca/téléphones/iPhone_11_normal_128gb_51608126.htm
iPhone 11 Pro Max,Bon état,256 GB,Belvédère,iPhone 11 pro max,5300,https://www.avito.ma/fr/belvedere/téléphones/iPhone_11_pro_max_51607579.htm
iPhone 11,Neuf,64 GB,Seyad,IPHONE 11 64Gb/ 93 batterie,4300,https://www.avito.ma/fr/seyad/téléphones/IPHONE_11_64Gb__93_batterie_51607526.htm
iPhone 11,Neuf,NONE,NONE,iphone 11 bon état,3000,https://www.avito.ma/fr/agadir/téléphones/iphone_11_bon_état_51607503.htm
iPhone 11,Bon état,64 GB,Derb Ghallef,apple iphone 11 64gb occasion en parfait état,4400,https://www.avito.ma/fr/derb_ghallef/téléphones/apple_iphone_11_64gb_occasion_en_parfait_état_45553109.htm
NONE,Neuf,256 GB,Derb Ghallef, iPhone 13 Pro 1TB,13900,https://www.avito.ma/fr/derb_ghallef/téléphones/_iPhone_13_Pro_1TB_47509978.htm
NONE,Bon état,NONE,Derb Ghallef,Apple Watch serie 7 45mm occasion,3400,https://www.avito.ma/fr/derb_ghallef/téléphones/Apple_Watch_serie_7_45mm_occasion_47706616.htm
NONE,Neuf,64 GB,Belvédère,Iphone 11 64gb boîte fermée,6000,https://www.avito.ma/fr/belvedere/téléphones/Iphone_11_64gb_boîte_fermée_51606373.htm
iPhone 12 Pro,Neuf,256 GB,Derb Ghallef,iphone 12 pro 256gb jamis active,8600,https://www.avito.ma/fr/derb_ghallef/téléphones/iphone_12_pro_256gb_jamis_active_44466705.htm
iPhone 11,Bon état,128 GB,NONE,iphone 11 état de batterie 82,3800,https://www.avito.ma/fr/rabat/téléphones/iphone_11_état_de_batterie_82_51605463.htm
iPhone 11,Bon état,64 GB,NONE,iPhone 11 mauve,4000,https://www.avito.ma/fr/tanger/téléphones/iPhone_11_mauve_51605243.htm
iPhone 11 Pro Max,Bon état,256 GB,Hay Salam,iPhone 11 Pro Max,6200,https://www.avito.ma/fr/hay_salam/téléphones/iPhone_11_Pro_Max_51604943.htm
NONE,Neuf,64 GB,Autre secteur,NEUF IPHONE 11 PRO 64G NEUF IPHONE XS 64G / MA7AL,5500,https://www.avito.ma/fr/autre_secteur/téléphones/NEUF_IPHONE_11_PRO_64G_NEUF_IPHONE_XS_64G___MA7AL_51603208.htm
iPhone 11,Bon état,128 GB,Autre secteur,IPhone 11 128go,3500,https://www.avito.ma/fr/autre_secteur/téléphones/IPhone_11_128go_51603133.htm
iPhone 11,Bon état,64 GB,Allal El Fassi,Iphone 11 Rouge tres bonne etat,4000,https://www.avito.ma/fr/allal_el_fassi/téléphones/Iphone_11_Rouge_tres_bonne_etat_51603112.htm
iPhone 11,Neuf,64 GB,Autre secteur,NF IPHONE 11 NORMAL 64GB EMBALLE / ANDI MA7AL,6000,https://www.avito.ma/fr/autre_secteur/téléphones/NF_IPHONE_11_NORMAL_64GB_EMBALLE___ANDI_MA7AL_51602802.htm
iPhone 11,Neuf,64 GB,NONE,IPHONE 11 bon état ,4400,https://www.avito.ma/fr/essaouira/téléphones/IPHONE_11_bon_état__51513410.htm
iPhone 11,Bon état,128 GB,NONE,iphone 11,3200,https://www.avito.ma/fr/salé/téléphones/iphone_11_51601803.htm
iPhone 13 Pro Max,Neuf,512 GB,Port Tanger ville,iphone 14 pro/13 pro max/iPhone 12/iPhone 11. ,14999,https://www.avito.ma/fr/port_tanger_ville/téléphones/iphone_14_pro_13_pro_max_iPhone_12_iPhone_11___44785025.htm
iPhone 13 Pro Max,Neuf,256 GB,Hay Salam,IPhone 14 Pro max /ipad/macbook pro / air /watch.,12798,https://www.avito.ma/fr/hay_salam/téléphones/IPhone_14_Pro_max__ipad_macbook_pro___air__watch__45193306.htm
iPhone 11 Pro Max,Neuf,128 GB,Aïn Chock,iphone 11 pro max 64 gb ,5300,https://www.avito.ma/fr/ain_chock/téléphones/iphone_11_pro_max_64_gb__51599778.htm
iPhone 11,Bon état,64 GB,Toute la ville,iPhone 11,4000,https://www.avito.ma/fr/taza/téléphones/iPhone_11_51599561.htm
iPhone 11 Pro Max,Bon état,64 GB,NONE,iphone 11 pro max 64gb ,4500,https://www.avito.ma/fr/fès/téléphones/iphone_11_pro_max_64gb__51599352.htm
iPhone 11,Bon état,128 GB,NONE,iphone 11 128gb ,4100,https://www.avito.ma/fr/fès/téléphones/iphone_11_128gb__51599322.htm
iPhone 11 Pro,Bon état,256 GB,Centre ville,iPhone 11 pro 256 gb no face id ,4100,https://www.avito.ma/fr/centre_ville/téléphones/iPhone_11_pro_256_gb_no_face_id__51598915.htm
iPhone 11,Bon état,64 GB,Guich Oudaya,iPhone 11 rouge 64gb en très bon état ,4000,https://www.avito.ma/fr/guich_oudaya/téléphones/iPhone_11_rouge_64gb_en_très_bon_état__51598880.htm
iPhone 11 Pro Max,Bon état,64 GB,Médina de Rabat,iPhone 11 Pro Max 64go,5000,https://www.avito.ma/fr/medina_de_rabat/téléphones/iPhone_11_Pro_Max_64go_51598558.htm
iPhone 11,Bon état,128 GB,NONE,iphone 11 normal,2000,https://www.avito.ma/fr/fès/téléphones/iphone_11_normal_51598279.htm
iPhone 13,Bon état,256 GB,Ben M'sick,Vend iPhone ,12000,https://www.avito.ma/fr/ben_msick/téléphones/Vend_iPhone__51598222.htm
iPhone 11 Pro,Bon état,64 GB,Guéliz,iphone 11 pro,4000,https://www.avito.ma/fr/gueliz/téléphones/iphone_11_pro_51597908.htm
iPhone 11,NONE,64 GB,Aïn Chock,iPhone 11 normal 64go official ,3900,https://www.avito.ma/fr/ain_chock/téléphones/iPhone_11_normal_64go_official__51597412.htm
iPhone 11 Pro Max,Bon état,512 GB,Toute la ville,Iphone 11 pro max,6500,https://www.avito.ma/fr/dakhla/téléphones/Iphone_11_pro_max_51597308.htm
iPhone 11 Pro,Bon état,256 GB,Maarif,Iphone 11 pro,4500,https://www.avito.ma/fr/maarif/téléphones/Iphone_11_pro_51597178.htm
iPhone 11,Bon état,64 GB,Sidi Youssef Ben Ali,Iphone 11 64GB 87 état garanty,3900,https://www.avito.ma/fr/sidi_youssef_ben_ali/téléphones/Iphone_11_64GB_87_état_garanty_51597150.htm
iPhone 11 Pro,Bon état,64 GB,Centre,IPhone 11 Pro 64GB batterie86(Livraison gratuit ),4900,https://www.avito.ma/fr/centre/téléphones/IPhone_11_Pro_64GB_batterie86_Livraison_gratuit___48827751.htm
iPhone 11,Neuf,128 GB,Ouled Oujih,Iphone 11 128gb,5000,https://www.avito.ma/fr/ouled_oujih/téléphones/Iphone_11_128gb_51595998.htm
iPhone X,Bon état,64 GB,Diour Jamaa,iPhone X à vendre bon état ,2700,https://www.avito.ma/fr/diour_jamaa/téléphones/iPhone_X_à_vendre_bon_état__51594918.htm
iPhone 11,Bon état,64 GB,NONE,iphone 11 ,3700,https://www.avito.ma/fr/salé/téléphones/iphone_11__51593495.htm
iPhone 11 Pro Max,Bon état,64 GB,Anfa,Iphone 11 pro max ,5400,https://www.avito.ma/fr/anfa/téléphones/Iphone_11_pro_max__51592312.htm
iPhone 11,Neuf,64 GB,Racine,Iphone11 jamais ouvert ,4300,https://www.avito.ma/fr/racine/téléphones/Iphone11_jamais_ouvert__51592073.htm
iPhone 11,Reconditionné,64 GB,Toute la ville,Iphone 11 64g comme neuf,3600,https://www.avito.ma/fr/berrechid/téléphones/Iphone_11_64g_comme_neuf_51591805.htm
iPhone 11,Bon état,64 GB,Hay Hassani,iPhone 11 officiel ,3900,https://www.avito.ma/fr/hay_hassani/téléphones/iPhone_11_officiel__51591546.htm
iPhone 11,Bon état,64 GB,2 Mars,Iphone 11 normal ,3900,https://www.avito.ma/fr/2_mars/téléphones/Iphone_11_normal__51591438.htm
iPhone 11,Bon état,64 GB,Aïn Sebaâ,Iphone 11 ,4200,https://www.avito.ma/fr/ain_sebaa/téléphones/Iphone_11__51590807.htm
iPhone 11 Pro,NONE,64 GB,Sidi Maarouf,Iphone 11 pro,4700,https://www.avito.ma/fr/sidi_maarouf/téléphones/Iphone_11_pro_51587791.htm
iPhone 11 Pro,Bon état,256 GB,Centre,IPHONE 11 PRO 256GB 81/100 (2 mois de garantie),5000,https://www.avito.ma/fr/centre/téléphones/IPHONE_11_PRO_256GB_81_100__2_mois_de_garantie__50309193.htm
iPhone 11,Neuf,64 GB,Tghat,Iphone 11 64G ,4100,https://www.avito.ma/fr/tghat/téléphones/Iphone_11_64G__51584285.htm
iPhone 11 Pro Max,Neuf,Plus de 512 GB,Sidi Maarouf,iPhone 11 Pro Max batterie ,650,https://www.avito.ma/fr/sidi_maarouf/téléphones/iPhone_11_Pro_Max_batterie__51582485.htm
iPhone 11,Bon état,128 GB,2 Mars,Iphone 11 ,4500,https://www.avito.ma/fr/2_mars/téléphones/Iphone_11__51579180.htm
iPhone 11,Bon état,128 GB,Belvédère,Iphone 11 ,4300,https://www.avito.ma/fr/belvedere/téléphones/Iphone_11__51582227.htm
iPhone 11,Bon état,128 GB,NONE,iphone 11,4600,https://www.avito.ma/fr/agadir/téléphones/iphone_11_51581189.htm
iPhone 11,Neuf,64 GB,Toute la ville,iPhone 11 normal ,4100,https://www.avito.ma/fr/settat/téléphones/iPhone_11_normal__51580949.htm
NONE,Bon état,64 GB,Guéliz,iPhone 11 Pro Max 64 gb 5200 dh ,5200,https://www.avito.ma/fr/gueliz/téléphones/iPhone_11_Pro_Max_64_gb_5200_dh__51579796.htm
iPhone 11,Neuf,64 GB,NONE,iphone 11 ,5500,https://www.avito.ma/fr/fès/téléphones/iphone_11__51577888.htm
iPhone 11,Bon état,64 GB,NONE,iphone 11 64gb,4200,https://www.avito.ma/fr/casablanca/téléphones/iphone_11_64gb_51577524.htm
iPhone 11 Pro,Bon état,64 GB,Hay Dakhla,iPhone 11 Pro ,4500,https://www.avito.ma/fr/hay_dakhla/téléphones/iPhone_11_Pro__51575756.htm
iPhone 11 Pro,Bon état,64 GB,Bd Derfoufi,iPhone 11 pro ,3000,https://www.avito.ma/fr/bd_derfoufi/téléphones/iPhone_11_pro__51574248.htm
iPhone 11 Pro,Bon état,64 GB,Toute la ville,iPhone 11 Pro,4500,https://www.avito.ma/fr/guelmim/téléphones/iPhone_11_Pro_51573830.htm
iPhone 11,Bon état,64 GB,Hay Charaf,iphone 11 noir,4200,https://www.avito.ma/fr/hay_charaf/téléphones/iphone_11_noir_51572895.htm
iPhone 11 Pro Max,Neuf,256 GB,NONE,iPhone 11 pro max,6000,https://www.avito.ma/fr/tanger/téléphones/iPhone_11_pro_max_51572597.htm
iPhone 11 Pro,Bon état,64 GB,Al Ghoufrane,iPhone 11 pro Gold ,5000,https://www.avito.ma/fr/al_ghoufrane/téléphones/iPhone_11_pro_Gold__51571972.htm
iPhone 11,Neuf,256 GB,NONE,iphone 11 ,2800,https://www.avito.ma/fr/el_jadida/téléphones/iphone_11__51571091.htm
iPhone 11,Bon état,64 GB,Nouveau Mellah,Iphone 11,4000,https://www.avito.ma/fr/nouveau_mellah/téléphones/Iphone_11_51569487.htm
iPhone 11,Reconditionné,64 GB,NONE,IPhone 11,3700,https://www.avito.ma/fr/salé/téléphones/IPhone_11_51568054.htm
iPhone 11,Bon état,64 GB,Hay Moulay Rachid 4, iPhone 11 ,4200,https://www.avito.ma/fr/hay_moulay_rachid_4/téléphones/__iPhone_11__51568058.htm
iPhone 11,Neuf,64 GB,NONE,iphone 11 normal 64g,4500,https://www.avito.ma/fr/temara/téléphones/iphone_11_normal_64g_51566320.htm
iPhone 11,Bon état,128 GB,Bourgogne,Iphone 11 128gb,4200,https://www.avito.ma/fr/bourgogne/téléphones/Iphone_11_128gb_51565970.htm
iPhone 11,Bon état,64 GB,Agdal,Iphone 11 64G ,4200,https://www.avito.ma/fr/agdal/téléphones/Iphone_11_64G__51565012.htm
iPhone 11,Neuf,64 GB,Masrou 1,Iphone 11,4500,https://www.avito.ma/fr/masrou_1/téléphones/Iphone_11_51564108.htm
iPhone 11,Neuf,64 GB,NONE,iphone 11 neuf noir et blanc ,5500,https://www.avito.ma/fr/fès/téléphones/iphone_11_neuf_noir_et_blanc__51564025.htm
iPhone 11,Bon état,64 GB,Toute la ville,Iphone 11 ,3600,https://www.avito.ma/fr/salé/téléphones/Iphone_11__51563552.htm
iPhone 11,Neuf,128 GB,Assaka,iPhone 11 128gb,4100,https://www.avito.ma/fr/assaka/téléphones/iPhone_11_128gb_51563530.htm
iPhone 11,Neuf,64 GB,Hay Mohammadi,iPhone 11 black Red 64 GB,4000,https://www.avito.ma/fr/hay_mohammadi/téléphones/iPhone_11_black_Red_64_GB_51563268.htm
iPhone 11,Neuf,64 GB,Hay Mohammadi,iPhone 11 jaune 64 Gb ,3900,https://www.avito.ma/fr/hay_mohammadi/téléphones/iPhone_11_jaune_64_Gb__51563228.htm
iPhone 11,Bon état,64 GB,Anfa,Vend iPhone 11 64 g en très bon état ,4000,https://www.avito.ma/fr/anfa/téléphones/Vend_iPhone_11_64_g_en_très_bon_état__51562883.htm
Modele,ETAT, Stockage,Secteur(Ville),description du telephone ,PRIX EN DH , plus dinfo Voir les liens suivants
iPhone 11 Pro Max,Bon état,256 GB,Centre Ville,iPhone 11 pro max ,6500,https://www.avito.ma/fr/centre_ville/téléphones/iPhone_11_pro_max__51519162.htm
iPhone 11,Bon état,64 GB,NONE,iphone 11 Normal 64G,4300,https://www.avito.ma/fr/tanger/téléphones/iphone_11_Normal_64G_51518786.htm
iPhone 11 Pro Max,NONE,64 GB,NONE,iphone 11 Pro Max 64gb,5500,https://www.avito.ma/fr/marrakech/téléphones/iphone_11_Pro_Max_64gb_51517730.htm
iPhone 11,Bon état,64 GB,Toute la ville,iphone 11 normal ,4100,https://www.avito.ma/fr/salé/téléphones/iphone_11_normal__51514215.htm
iPhone 11 Pro Max,Neuf,256 GB,NONE,iphone 11 promax,6500,https://www.avito.ma/fr/fès/téléphones/iphone_11_promax_51513034.htm
iPhone 11 Pro,Bon état,64 GB,Autre secteur,Iphone 11 Pro,5300,https://www.avito.ma/fr/autre_secteur/téléphones/Iphone_11_Pro_51511929.htm
iPhone 11 Pro,Neuf,NONE,Malabata,iPhone 11 normale ,4400,https://www.avito.ma/fr/malabata/téléphones/iPhone_11_normale__51511319.htm
iPhone 11 Pro Max,Neuf,256 GB,2 Mars,iPhone 11 Pro Max 256gb,6200,https://www.avito.ma/fr/2_mars/téléphones/iPhone_11_Pro_Max_256gb_51511159.htm
iPhone 11 Pro Max,Bon état,256 GB,Bourgogne,11 pro max noir,7500,https://www.avito.ma/fr/bourgogne/téléphones/11_pro_max_noir_51511045.htm
iPhone 11,Bon état,64 GB,Massira,Iphone 11 normal,4300,https://www.avito.ma/fr/massira/téléphones/Iphone_11_normal_51510234.htm
iPhone 11,Bon état,64 GB,El Bassatine,Iphone 11 normal,3700,https://www.avito.ma/fr/el_bassatine/téléphones/Iphone_11_normal_51509223.htm
iPhone 11,Neuf,128 GB,Aïn Sebaâ,Iphone 11 128gb 85 etat,4000,https://www.avito.ma/fr/ain_sebaa/téléphones/Iphone_11_128gb_85_etat_51508946.htm
iPhone 11,Neuf,128 GB,Toute la ville,Iphone 11,3400,https://www.avito.ma/fr/khouribga/téléphones/Iphone_11_51505501.htm
iPhone 11,Bon état,128 GB,Centre,iPhone 11,3200,https://www.avito.ma/fr/centre/téléphones/iPhone_11_51505086.htm
iPhone 11 Pro,Neuf,64 GB,NONE,iphon 11 pro,4900,https://www.avito.ma/fr/meknès/téléphones/iphon_11_pro_51504641.htm
NONE,Bon état,64 GB,Founty,iPhone 11 normal 64 gb 86 ,4200,https://www.avito.ma/fr/founty/téléphones/iPhone_11_normal_64_gb_86__51504412.htm
iPhone 11 Pro,Neuf,64 GB,Ancienne Médina,Iphone 11 pro,4500,https://www.avito.ma/fr/ancienne_medina/téléphones/Iphone_11_pro_51504262.htm
iPhone 11 Pro Max,Reconditionné,256 GB,Aïn Chock,Modele,ETAT, Stockage,Secteur(Ville),description du telephone ,PRIX EN DH , plus dinfo Voir les liens suivants
iPhone 11,Neuf,64 GB,NONE,iphone 11 64gb 100,4400,https://www.avito.ma/fr/rabat/téléphones/iphone_11_64gb_100_51561813.htm
iPhone 11,Bon état,256 GB,Massira,Iphone 11 256 GO ,4500,https://www.avito.ma/fr/massira/téléphones/Iphone_11_256_GO__51560105.htm
iPhone 11,Neuf,64 GB,Oulfa,iphone 11 normal ,4350,https://www.avito.ma/fr/oulfa/téléphones/iphone_11_normal__51558674.htm
iPhone 11,Bon état,128 GB,Toute la ville,Ipone 11 128gb ,3300,https://www.avito.ma/fr/laâyoune/téléphones/Ipone_11_128gb__51555949.htm
iPhone 11,Neuf,64 GB,NONE,iphone 11 Neuf ,4400,https://www.avito.ma/fr/nador/téléphones/iphone_11_Neuf__51554827.htm
iPhone 12,Neuf,64 GB,Diour Jamaa,iPhone 12 bleu 64G,4700,https://www.avito.ma/fr/diour_jamaa/téléphones/iPhone_12_bleu_64G_51554350.htm
iPhone 11,Neuf,64 GB,NONE,iphone 11 64gb,4400,https://www.avito.ma/fr/salé/téléphones/iphone_11_64gb_51553636.htm
iPhone 11 Pro Max,Neuf,64 GB,Ben Saleh,IPhone 11 Pro max 64G,5800,https://www.avito.ma/fr/ben_saleh/téléphones/IPhone_11_Pro_max_64G_51553290.htm
iPhone 11 Pro Max,Bon état,64 GB,NONE,iPhone 11 pro max ,5500,https://www.avito.ma/fr/el_kelaa_des_sraghna/téléphones/iPhone_11_pro_max__51552464.htm
iPhone 11 Pro Max,Bon état,256 GB,M'Hamid,Iphone 11 pro max 256gb,6200,https://www.avito.ma/fr/mhamid/téléphones/Iphone_11_pro_max_256gb_51551385.htm
iPhone 11,Neuf,64 GB,Autre secteur,iPhone 11 ,3900,https://www.avito.ma/fr/autre_secteur/téléphones/iPhone_11__51550830.htm
iPhone 11,Bon état,128 GB,Aakkari,Iphone 11 ,4000,https://www.avito.ma/fr/aakkari/téléphones/Iphone_11__51548174.htm
iPhone 11,Neuf,64 GB,Quartier de l'Océan,Iphone 11 (64gb white),4250,https://www.avito.ma/fr/quartier_de_locean/téléphones/Iphone_11__64gb_white__51547196.htm
iPhone 11,Bon état,64 GB,Hay Hassani,Iphone 11 64gb en bon etat noir,4300,https://www.avito.ma/fr/hay_hassani/téléphones/Iphone_11_64gb_en_bon_etat_noir_51546267.htm
iPhone 11,Bon état,128 GB,Oulfa,Iphone 11 128go turbo sim ,3900,https://www.avito.ma/fr/oulfa/téléphones/Iphone_11_128go_turbo_sim__51545301.htm
iPhone 11 Pro,Bon état,256 GB,Hay Anas,iPhone 11 pro,6200,https://www.avito.ma/fr/hay_anas/téléphones/iPhone_11_pro_51544961.htm
NONE,NONE,NONE,Agdal,Iphone 11 64G,3800,https://www.avito.ma/fr/agdal/téléphones/Iphone_11_64G_51543803.htm
iPhone 11 Pro Max,Bon état,64 GB,NONE,iPhone 11 pro max ,7000,https://www.avito.ma/fr/sidi_bennour/téléphones/iPhone_11_pro_max__51540791.htm
iPhone X,NONE,NONE,Belvédère,Iphone x 256gb bypass ,2200,https://www.avito.ma/fr/belvedere/téléphones/Iphone_x_256gb_bypass__51540136.htm
iPhone 11 Pro,Bon état,256 GB,Aïn Chock,iphone 11 pro 256 GB vert ,5000,https://www.avito.ma/fr/ain_chock/téléphones/iphone_11_pro_256_GB_vert__51539154.htm
iPhone 11,Bon état,128 GB,NONE,iphone 11 64g,4300,https://www.avito.ma/fr/casablanca/téléphones/iphone_11_64g_51539057.htm
iPhone 11,Neuf,64 GB,NONE,iphone 11 neuf noir et blanc 64GB,5500,https://www.avito.ma/fr/fès/téléphones/iphone_11_neuf_noir_et_blanc_64GB_51533992.htm
iPhone 11 Pro Max,NONE,256 GB,Agdal,iPhone 11 Pro max,5500,https://www.avito.ma/fr/agdal/téléphones/iPhone_11_Pro_max_51533192.htm
iPhone 11,Neuf,64 GB,Seyad,IPHONE 11. Batterie 93,4300,https://www.avito.ma/fr/seyad/téléphones/IPHONE_11__Batterie_93_51528953.htm
iPhone 11,Bon état,128 GB,Assaka,IPHONE 11 128GB BALCK ,5500,https://www.avito.ma/fr/assaka/téléphones/IPHONE_11_128GB_BALCK__48155522.htm
iPhone 11 Pro Max,Bon état,64 GB,Assif,Iphone et AirPods,6300,https://www.avito.ma/fr/assif/téléphones/Iphone_et_AirPods_51527757.htm
iPhone 11 Pro Max,Bon état,256 GB,Maamora,Iphone 11 pro max ,6500,https://www.avito.ma/fr/maamora/téléphones/Iphone_11_pro_max__51526590.htm
iPhone 11 Pro Max,Neuf,256 GB,Daoudiate,Iphone 11 pro max ,6700,https://www.avito.ma/fr/daoudiate/téléphones/Iphone_11_pro_max__51523532.htm
iPhone 11 Pro Max,Bon état,64 GB,Sidi Bernoussi,iphone 11 pro max 64GB 94 Battrie,6000,https://www.avito.ma/fr/sidi_bernoussi/téléphones/iphone_11_pro_max_64GB_94_Battrie_51519358.htm
iPhone 11 Pro,Bon état,256 GB,Les Portes de Marrakech,Iphone 11 pro 256gb,5400,https://www.avito.ma/fr/les_portes_de_marrakech/téléphones/Iphone_11_pro_256gb_51519325.htm
Modele,ETAT, Stockage,Secteur(Ville),description du telephone ,PRIX EN DH , plus dinfo Voir les liens suivants
iPhone 11 Pro Max,Bon état,128 GB,Aïn Chock,iPhone 11 Pro Max,1990,https://www.avito.ma/fr/ain_chock/téléphones/iPhone_11_Pro_Max_51483439.htm
iPhone 11,Reconditionné,64 GB,Toute la ville,iPhone 11 - 64GB Ba9ii n9ii,4500,https://www.avito.ma/fr/dakhla/téléphones/iPhone_11___64GB_Ba9ii_n9ii_51482884.htm
iPhone 11 Pro Max,Neuf,256 GB,Hay Riad,Iphone 11 Promax ,5800,https://www.avito.ma/fr/hay_riad/téléphones/Iphone_11_Promax__51481548.htm
iPhone 11,Bon état,64 GB,Oulfa,Iphone 11,4000,https://www.avito.ma/fr/oulfa/téléphones/Iphone__11_51478474.htm
iPhone 11 Pro Max,Bon état,512 GB,Le centre-ville,Iphone 11 pro max 512gb,6900,https://www.avito.ma/fr/le_centreville/téléphones/Iphone_11_pro_max_512gb_51475982.htm
iPhone 11 Pro,Bon état,64 GB,Toute la ville,Iphone 11 PRO,4700,https://www.avito.ma/fr/ait_Melloul/téléphones/Iphone_11_PRO_51475462.htm
iPhone 11,Reconditionné,64 GB,Agdal,Iphone 11 64Gb,3800,https://www.avito.ma/fr/agdal/téléphones/Iphone_11_64Gb_51475103.htm
iPhone 11 Pro,Bon état,64 GB,Bettana,iPhone 11 pro,5700,https://www.avito.ma/fr/bettana/téléphones/iPhone_11_pro_51474136.htm
iPhone 11,Bon état,64 GB,Californie,Iphone 11 ,4000,https://www.avito.ma/fr/californie/téléphones/Iphone_11__51474060.htm
iPhone 11,Bon état,128 GB,Massira,iphone 11,3600,https://www.avito.ma/fr/massira/téléphones/iphone_11_51473580.htm
iPhone 11 Pro,Bon état,64 GB,Narjis,iPhone 11 Pro,5200,https://www.avito.ma/fr/narjis/téléphones/iPhone_11_Pro_51472880.htm
iPhone 11 Pro Max,Bon état,64 GB,Bourgogne,iPhone 11 Pro Max 64 go,5100,https://www.avito.ma/fr/bourgogne/téléphones/iPhone_11_Pro_Max_64_go_51472517.htm
iPhone 11,Bon état,64 GB,Raounak,Iphone 11 bon état,5500,https://www.avito.ma/fr/raounak/téléphones/Iphone_11_bon_état_51470739.htm
iPhone 11,Bon état,64 GB,Agdal,iPhone 11 noir état impeccable sans rayure,3500,https://www.avito.ma/fr/agdal/téléphones/iPhone_11_noir_état_impeccable_sans_rayure_51470287.htm
iPhone 11 Pro Max,Bon état,64 GB,Aïn Sebaâ,iPhone 11 Pro Max proche du neuf ,7000,https://www.avito.ma/fr/ain_sebaa/téléphones/iPhone_11_Pro_Max_proche_du_neuf__51469308.htm
iPhone 11 Pro Max,Bon état,64 GB,Anfa,IPhone 11 Pro Max comme neuf,5500,https://www.avito.ma/fr/anfa/téléphones/IPhone_11_Pro_Max_comme_neuf_51468451.htm
iPhone 11 Pro,Neuf,256 GB,Hay Riad,iPhone 11 Pro Gold,6000,https://www.avito.ma/fr/hay_riad/téléphones/iPhone_11_Pro_Gold_51468347.htm
iPhone 13,Neuf,128 GB,Autre secteur,Iphone 13 rose à vendre,8000,https://www.avito.ma/fr/autre_secteur/téléphones/Iphone_13_rose_à_vendre_51466490.htm
iPhone 11 Pro Max,Reconditionné,256 GB,NONE,iPhone 11 pro max 256,6200,https://www.avito.ma/fr/marrakech/téléphones/iPhone_11_pro_max_256_51466450.htm
iPhone 8,Bon état,64 GB,NONE,iphone 8,1500,https://www.avito.ma/fr/salé/téléphones/iphone_8_51464821.htm
iPhone 11,Bon état,128 GB,Andalousse,iPhone 11 ,4300,https://www.avito.ma/fr/andalousse/téléphones/iPhone_11__51463047.htm
iPhone 11,Neuf,128 GB,NONE,iPhone 11 128gb ,5000,https://www.avito.ma/fr/marrakech/téléphones/iPhone_11_128gb__51461720.htm
iPhone 11 Pro,Neuf,256 GB,Hay Riad,iPhone 11 Pro ,6300,https://www.avito.ma/fr/hay_riad/téléphones/iPhone_11_Pro__51461386.htm
iPhone 11,Bon état,64 GB,2 Mars,Iphone 11 64/81,3700,https://www.avito.ma/fr/2_mars/téléphones/Iphone_11_64_81_51460564.htm
iPhone 11,Bon état,64 GB,NONE,Iphone 11 ,4400,https://www.avito.ma/fr/marrakech/téléphones/Iphone_11__51460459.htm
iPhone 11 Pro,Bon état,256 GB,Racine,Vend iPhone 11 Pro 256 gb ,6000,https://www.avito.ma/fr/racine/téléphones/Vend_iPhone_11_Pro_256_gb__51459336.htm
iPhone 11,Bon état,64 GB,Beni Makada Lakdima,iPhone 11 normal 64 GB,4100,https://www.avito.ma/fr/beni_makada_lakdima/téléphones/iPhone_11_normal_64_GB_51456628.htm
iPhone 11,Bon état,64 GB,NONE,iphone 11,4000,https://www.avito.ma/fr/fès/téléphones/iphone_11_51455086.htm
iPhone 13 Pro,Neuf,128 GB,Derb Ghallef,Apple iPhone SE 2022 64Go,4600,https://www.avito.ma/fr/derb_ghallef/téléphones/Apple_iPhone_SE_2022_64Go_49181492.htm
NONE,Neuf,64 GB,Maarif,Iphone 11 bleu 64gb batterie 87 usa,4600,https://www.avito.ma/fr/maarif/téléphones/Iphone_11_bleu_64gb_batterie_87_usa_51454186.htm
iPhone 11,Reconditionné,64 GB,Toute la ville,Iphone 11 ,3300,https://www.avito.ma/fr/khouribga/téléphones/Iphone_11__51454041.htm
iPhone 11,Bon état,64 GB,Aïn Sebaâ,Iphone 11 Normal ,4300,https://www.avito.ma/fr/ain_sebaa/téléphones/Iphone_11_Normal__51452119.htm
iPhone 11,Bon état,128 GB,Toute la ville,IPhone 11 ,4500,https://www.avito.ma/fr/laâyoune/téléphones/IPhone_11__51451001.htm
Modele,ETAT, Stockage,Secteur(Ville),description du telephone ,PRIX EN DH , plus dinfo Voir les liens suivants
iPhone 11,Bon état,64 GB,Khabazat,Iphone 11 Normal ,3600,https://www.avito.ma/fr/khabazat/téléphones/Iphone_11_Normal__51450576.htm
iPhone 11 Pro,Bon état,256 GB,NONE,iPhone 11 pro 256,4200,https://www.avito.ma/fr/settat/téléphones/iPhone_11_pro_256_51449194.htm
iPhone 11 Pro,Bon état,256 GB,NONE,iPhone 11 pro ,4200,https://www.avito.ma/fr/settat/téléphones/iPhone_11_pro__51449137.htm
iPhone 11,Reconditionné,256 GB,Hay Hassani,Iphone 11 256Go en excellent état batterie neuve,4900,https://www.avito.ma/fr/hay_hassani/téléphones/Iphone_11_256Go_en_excellent_état_batterie_neuve_51449066.htm
iPhone 11,Bon état,128 GB,NONE,iphone 11 ,4300,https://www.avito.ma/fr/el_jadida/téléphones/iphone_11__51448451.htm
iPhone 11,Bon état,64 GB,Les Amicales,Iphone 11 ,4500,https://www.avito.ma/fr/les_amicales/téléphones/Iphone_11__51447100.htm
iPhone 11 Pro,Bon état,64 GB,NONE,iphone 11 pro,6000,https://www.avito.ma/fr/agadir/téléphones/iphone_11_pro_51447097.htm
iPhone 11 Pro,Bon état,256 GB,NONE,iphone 11 pro,8999,https://www.avito.ma/fr/casablanca/téléphones/iphone_11_pro_51447025.htm
iPhone 11 Pro,Bon état,256 GB,NONE, iphone 11 pro ,8999,https://www.avito.ma/fr/casablanca/téléphones/_iphone_11_pro__51447014.htm
iPhone 11 Pro,Bon état,16 GB,Sidi Maarouf,Iphone 11 pro 64 GO / Italie,4300,https://www.avito.ma/fr/sidi_maarouf/téléphones/Iphone_11_pro_64_GO___Italie_51446297.htm
iPhone 13 Pro,Neuf,128 GB,Derb Ghallef,iphone 13 pro 128go,11800,https://www.avito.ma/fr/derb_ghallef/téléphones/iphone_13_pro_128go_47509656.htm
iPhone 13 Pro Max,Neuf,256 GB,Derb Ghallef,iPhone 13 Pro Max 256Go ,13800,https://www.avito.ma/fr/derb_ghallef/téléphones/iPhone_13_Pro_Max_256Go__47837392.htm
iPhone 11 Pro,Bon état,64 GB,Agdal,iPhone 11 Pro état 86,4700,https://www.avito.ma/fr/agdal/téléphones/iPhone_11_Pro_état_86_51441473.htm
NONE,NONE,64 GB,NONE,iphone 11,3800,https://www.avito.ma/fr/casablanca/téléphones/iphone_11_51441113.htm
iPhone 11 Pro,Neuf,256 GB,NONE,iphone 11 pro max ,6300,https://www.avito.ma/fr/oujda/téléphones/iphone_11_pro_max__51440798.htm
iPhone 11,Bon état,64 GB,2 Mars,Iphone officiel 64g n9a dyal bsah ,4300,https://www.avito.ma/fr/2_mars/téléphones/Iphone_officiel_64g__n9a_dyal_bsah__51437890.htm
iPhone 11,Bon état,64 GB,Abattoirs,IPHONE 11 ROUGE,4400,https://www.avito.ma/fr/abattoirs/téléphones/IPHONE_11_ROUGE_51437618.htm
iPhone 11,Neuf,64 GB,El Youssoufia,Iphone 11 black openbox with battery 97,4999,https://www.avito.ma/fr/el_youssoufia/téléphones/Iphone_11_black_openbox_with_battery_97_51435240.htm
iPhone 11,Bon état,64 GB,Quartier du Parc,iPhone 11 ,4200,https://www.avito.ma/fr/quartier_du_parc/téléphones/iPhone_11__51435152.htm
iPhone 11,Bon état,128 GB,NONE,iPhone 11 normal en très bon état ,4200,https://www.avito.ma/fr/casablanca/téléphones/iPhone_11_normal_en_très_bon_état__51433648.htm
iPhone 11 Pro Max,Pour pièces,512 GB,Hay Qods,iPhone 11 Pro Max 512GB,6600,https://www.avito.ma/fr/hay_qods/téléphones/iPhone_11_Pro_Max_512GB_51433074.htm
iPhone 11,Bon état,64 GB,Aïn Sebaâ,Iphone 11 Normal ,3900,https://www.avito.ma/fr/ain_sebaa/téléphones/Iphone_11_Normal__51432503.htm
iPhone 11 Pro Max,Bon état,256 GB,Anfa,iPhone 11 Pro max,5000,https://www.avito.ma/fr/anfa/téléphones/iPhone_11_Pro_max_51432044.htm
iPhone 11 Pro,Bon état,256 GB,Centre ville,iPhone 11 pro ,4600,https://www.avito.ma/fr/centre_ville/téléphones/iPhone_11_pro__51429036.htm
iPhone 11 Pro Max,Bon état,64 GB,NONE,iphone 11 Pro Max ,5300,https://www.avito.ma/fr/fès/téléphones/iphone_11_Pro_Max__51427478.htm
NONE,Bon état,128 GB,Wislane,Iphone 11,4500,https://www.avito.ma/fr/wislane/téléphones/Iphone_11_51424919.htm
NONE,Neuf,64 GB,NONE,Iphone 11 pro max 64gb 84 tele Jdid,6500,https://www.avito.ma/fr/kénitra/téléphones/Iphone_11_pro_max_64gb_84_tele_Jdid_51423372.htm
iPhone 11,Bon état,64 GB,Toute la ville,Iphone 11 64go,4300,https://www.avito.ma/fr/youssoufia/téléphones/Iphone_11_64go_51422845.htm
iPhone 11 Pro Max,Bon état,256 GB,NONE,iphone 11 pro max 256g ,5200,https://www.avito.ma/fr/marrakech/téléphones/iphone_11_pro_max_256g__51422074.htm
NONE,Neuf,NONE,NONE,pochette iPhone 11,130,https://www.avito.ma/fr/kénitra/téléphones/pochette_iPhone_11_51421832.htm
iPhone 11 Pro Max,Bon état,256 GB,Guéliz,iPhone 11 Pro Max - 256 Go,6500,https://www.avito.ma/fr/gueliz/téléphones/iPhone_11_Pro_Max___256_Go_51421330.htm
iPhone 11 Pro,Bon état,64 GB,Sidi Bernoussi,iPhone 11 pro 64 g,4900,https://www.avito.ma/fr/sidi_bernoussi/téléphones/iPhone_11_pro_64_g_51418484.htm
iPhone 11 Pro,Bon état,256 GB,2 Mars,iPhone 11 Pro a vendre pas cher ,2600,https://www.avito.ma/fr/2_mars/téléphones/iPhone_11_Pro_a_vendre_pas_cher__51417846.htm
iPhone 11,Bon état,256 GB,Agdal,iPhone 11 256G,4700,https://www.avito.ma/fr/agdal/téléphones/iPhone_11_256G_51416821.htm
iPhone 11,Bon état,64 GB,Es Saada,iPhone 11,4199,https://www.avito.ma/fr/es_saada/téléphones/iPhone_11_51416109.htm
iPhone 11 Pro Max,Bon état,64 GB,Oulfa,Iphone 11 pro max,6000,https://www.avito.ma/fr/oulfa/téléphones/Iphone_11_pro_max_51415329.htm
iPhone 11 Pro Max,Bon état,256 GB,NONE,iphone 11 pro max 256gb,7000,https://www.avito.ma/fr/béni_mellal/téléphones/iphone_11_pro_max_256gb_51412020.htm
iPhone 11,Bon état,64 GB,Toute la ville,iphone 11,4200,https://www.avito.ma/fr/agadir_melloul/téléphones/iphone_11_51411807.htm
iPhone 11 Pro,Bon état,64 GB,Derb Omar,iPhone 11 Pro 84 ,3800,https://www.avito.ma/fr/derb_omar/téléphones/iPhone_11_Pro_84__51411080.htm
iPhone 11,Neuf,512 GB,2 Mars,Iphone 11 pro,2500,https://www.avito.ma/fr/2_mars/téléphones/Iphone_11_pro_51410603.htm
iPhone 11 Pro Max,Bon état,64 GB,Hay Mohammadi,Iphone 11 pro max,5500,https://www.avito.ma/fr/hay_mohammadi/téléphones/Iphone_11_pro_max_51410365.htm
iPhone 11,Bon état,16 GB,NONE,iPhone 11 rouge,4000,https://www.avito.ma/fr/mohammedia/téléphones/iPhone_11_rouge_51407593.htm
iPhone 11,Bon état,64 GB,Toute la ville,iphone 11 64g black,4200,https://www.avito.ma/fr/agadir_melloul/téléphones/iphone_11_64g_black_51406918.htm
iPhone 11,Bon état,64 GB,Es Saada,iPhone 11 normal ,4150,https://www.avito.ma/fr/es_saada/téléphones/iPhone_11_normal__51406862.htm
iPhone 11,Bon état,256 GB,NONE,iphone 11 rouge ,4000,https://www.avito.ma/fr/rabat/téléphones/iphone_11_rouge__51405111.htm
iPhone 11,Bon état,128 GB,Centre,iPhone 11 normal ,5000,https://www.avito.ma/fr/centre/téléphones/iPhone_11_normal__51404375.htm
iPhone 11 Pro Max,Bon état,64 GB,NONE,Iphone 11 Pro Max / Bon Etat,5400,https://www.avito.ma/fr/fès/téléphones/Iphone_11_Pro_Max___Bon_Etat_51402737.htm
iPhone 11 Pro Max,Bon état,64 GB,NONE,IP 11 pro max/ très bon état ,6200,https://www.avito.ma/fr/fès/téléphones/IP_11_pro_max__très_bon_état__51400612.htm
iPhone 11 Pro Max,Bon état,256 GB,Centre,Iphone 11 Pro Max 256 Go très propre ,6300,https://www.avito.ma/fr/centre/téléphones/Iphone_11_Pro_Max_256_Go_très_propre__51400543.htm
iPhone 11 Pro Max,Bon état,256 GB,NONE,iphone 11 pro max 256 très bon état,6100,https://www.avito.ma/fr/rabat/téléphones/iphone_11_pro_max_256_très_bon_état_51398624.htm
iPhone 11 Pro Max,Reconditionné,64 GB,NONE,iphone 11 pro max,5800,https://www.avito.ma/fr/oujda/téléphones/iphone_11_pro_max_51392955.htm
iPhone 11 Pro Max,Bon état,64 GB,Toute la ville,Iphone 11 ProMax 64 G,5800,https://www.avito.ma/fr/béni_mellal/téléphones/Iphone_11_ProMax_64_G_51392428.htm
iPhone 11 Pro,Bon état,256 GB,NONE,iphone 11 pro,6300,https://www.avito.ma/fr/marrakech/téléphones/iphone_11_pro_51390812.htm
NONE,Bon état,128 GB,Toute la ville,Iphone 11 ,3900,https://www.avito.ma/fr/agadir_melloul/téléphones/Iphone_11__51389861.htm
iPhone 11 Pro Max,Neuf,NONE,NONE,6500,6500,https://www.avito.ma/fr/salé/téléphones/6500_51388923.htm
iPhone 11 Pro Max,Bon état,256 GB,NONE,iphone 11 pro max 256Gb ,6300,https://www.avito.ma/fr/safi/téléphones/iphone_11_pro_max_256Gb__51387739.htm
iPhone 11 Pro Max,Neuf,256 GB,NONE,iphone 11 pro max ,6500,https://www.avito.ma/fr/safi/téléphones/iphone_11_pro_max__51387730.htm
iPhone 11,Bon état,128 GB,NONE,iphone 11,3700,https://www.avito.ma/fr/laâyoune/téléphones/iphone_11_51387434.htm
iPhone 11 Pro Max,Bon état,64 GB,Al Qods,Iphone 11 pro Max 64gb en très bon état ,5500,https://www.avito.ma/fr/al_qods/téléphones/Iphone_11_pro_Max_64gb_en_très_bon_état__51384875.htm
iPhone 11 Pro Max,Neuf,64 GB,Agdal,iPhone 11 Pro Max,4000,https://www.avito.ma/fr/agdal/téléphones/iPhone_11_Pro_Max_51383911.htm
iPhone 11,Reconditionné,64 GB,Agdal,iphone 11 pro 64 gb 82 etat ,4500,https://www.avito.ma/fr/agdal/téléphones/iphone_11_pro_64_gb_82_etat__51383382.htm
iPhone 11,Neuf,64 GB,Abbadi,Iphone 11 ,4500,https://www.avito.ma/fr/abbadi/téléphones/Iphone_11__51382662.htm
iPhone 11 Pro,Bon état,64 GB,Aïn Sebaâ,Iphone 11 pro,4900,https://www.avito.ma/fr/ain_sebaa/téléphones/Iphone_11_pro_51381177.htm
iPhone 11,Bon état,64 GB,Maarif,Iphone 11,4000,https://www.avito.ma/fr/maarif/téléphones/Iphone_11_51380789.htm
iPhone 11 Pro Max,Bon état,256 GB,NONE,11 pro max,5800,https://www.avito.ma/fr/meknès/téléphones/11_pro_max_51378659.htm
iPhone 11 Pro,Bon état,64 GB,Centre ville,Iphone 11 pro,4000,https://www.avito.ma/fr/centre_ville/téléphones/Iphone_11_pro_51378202.htm
iPhone 11,Neuf,64 GB,Oued Fès,Iphone 11 product red,4400,https://www.avito.ma/fr/oued_fes/téléphones/Iphone_11_product_red_51376009.htm
iPhone 11,Neuf,64 GB,Oued Fès,Iphone 11 product red,4350,https://www.avito.ma/fr/oued_fes/téléphones/Iphone_11_product_red_51375934.htm
iPhone 11 Pro,Bon état,256 GB,Oulfa,Iphone 11 pro grad A,5200,https://www.avito.ma/fr/oulfa/téléphones/Iphone_11_pro_grad_A_51373192.htm
Modele,ETAT, Stockage,Secteur(Ville),description du telephone ,PRIX EN DH , plus dinfo Voir les liens suivants
iPhone 11 Pro,Bon état,256 GB,Oulfa,Iphone 11 pro grad A,5200,https://www.avito.ma/fr/oulfa/téléphones/Iphone_11_pro_grad_A_51373192.htm
iPhone 11,Bon état,128 GB,2 Mars,Iphone 11 en bon état bienvenue ,3000,https://www.avito.ma/fr/2_mars/téléphones/Iphone_11_en_bon_état_bienvenue__51370239.htm
iPhone 11 Pro,Bon état,NONE,Aïn Chock,Iphone 11 pro 256go,5200,https://www.avito.ma/fr/ain_chock/téléphones/Iphone_11_pro_256go_51370099.htm
iPhone 11,Bon état,128 GB,NONE,Iphone 11 128 G 100,4900,https://www.avito.ma/fr/meknès/téléphones/Iphone_11_128_G_100_51369808.htm
iPhone 11,NONE,128 GB,NONE,Iphone 11 128g,4900,https://www.avito.ma/fr/meknès/téléphones/Iphone_11_128g_51369764.htm
iPhone 11 Pro,Neuf,64 GB,Hay Salam,iPhone 11 Pro Gold très bon état officiel,3900,https://www.avito.ma/fr/hay_salam/téléphones/iPhone_11_Pro_Gold_très_bon_état_officiel_51369285.htm
iPhone 11,Neuf,64 GB,Toute la ville,Iphone 11 ,4800,https://www.avito.ma/fr/errachidia/téléphones/Iphone_11__51368213.htm
iPhone 11 Pro,Bon état,64 GB,Al Wifaq,IPHONE 11 PRO,5000,https://www.avito.ma/fr/al_wifaq/téléphones/IPHONE_11_PRO_51367835.htm
NONE,Bon état,64 GB,Autre secteur,iPhone 11 Pro Max blanc,4900,https://www.avito.ma/fr/autre_secteur/téléphones/iPhone_11_Pro_Max_blanc_51367492.htm
iPhone 11,Neuf,128 GB,Toute la ville,Iphone 11,4700,https://www.avito.ma/fr/al_hociema/téléphones/Iphone_11_51366343.htm
iPhone XR,Bon état,64 GB,Derb Ghallef,Apple iPhone XR 64 Go bon etat,3300,https://www.avito.ma/fr/derb_ghallef/téléphones/Apple_iPhone_XR_64_Go__bon_etat_47221521.htm
iPhone 11,Neuf,64 GB,Médina de Rabat,iphone 11 64G,3500,https://www.avito.ma/fr/medina_de_rabat/téléphones/iphone_11_64G_51309783.htm
iPhone 11 Pro,Bon état,64 GB,Ville Nouvelle,iPhone 11 Pro rose gold,4200,https://www.avito.ma/fr/ville_nouvelle/téléphones/iPhone_11_Pro_rose_gold_51365668.htm
iPhone 11,Neuf,128 GB,Massira,iPhone 11 128gb Nqi,4800,https://www.avito.ma/fr/massira/téléphones/iPhone_11_128gb_Nqi_51364906.htm
iPhone 11,Bon état,64 GB,Zone Industrielle Agadir,iPhone 11,4000,https://www.avito.ma/fr/zone_industrielle_agadir/téléphones/iPhone_11_51363945.htm
iPhone 11,Bon état,64 GB,Targa,Iphone 11 blanc 64GB,3800,https://www.avito.ma/fr/targa/téléphones/Iphone_11_blanc_64GB_51363877.htm
iPhone 11,Bon état,128 GB,2 Mars,IPhone 11 normal très bonne état ,4200,https://www.avito.ma/fr/2_mars/téléphones/IPhone_11_normal_très_bonne_état__51363195.htm
NONE,Bon état,64 GB,NONE,iphone 11 ,3200,https://www.avito.ma/fr/oued_zem/téléphones/iphone_11__51363151.htm
iPhone 11,Neuf,64 GB,Médina de Rabat,iPhone 11 64G ,5399,https://www.avito.ma/fr/medina_de_rabat/téléphones/iPhone_11_64G__51095546.htm
iPhone 11 Pro Max,Bon état,256 GB,Hay Al Amal,Iphone 11 pro max ,6800,https://www.avito.ma/fr/hay_al_amal/téléphones/Iphone_11_pro_max__51360178.htm
iPhone 11 Pro,Bon état,64 GB,Toute la ville,Iphone 11 pro.,4800,https://www.avito.ma/fr/driouch/téléphones/Iphone_11_pro__51360163.htm
iPhone 11,Bon état,64 GB,Oulfa,IPHONE 11 ,4100,https://www.avito.ma/fr/oulfa/téléphones/IPHONE_11__51360003.htm
iPhone 11 Pro,Bon état,64 GB,Aïn Chock,Iphone 11 pro ,4400,https://www.avito.ma/fr/ain_chock/téléphones/Iphone_11_pro__51358901.htm
iPhone 11 Pro Max,NONE,NONE,Guéliz,iPhone 11 Pro Max 256 go à vendre ,3000,https://www.avito.ma/fr/gueliz/téléphones/iPhone_11_Pro_Max_256_go_à_vendre__51355844.htm
iPhone 11,Reconditionné,128 GB,NONE,iphone 11 ,4800,https://www.avito.ma/fr/fès/téléphones/iphone_11__51354888.htm
iPhone 11 Pro Max,Neuf,64 GB,Toute la ville,Berrechid ,4500,https://www.avito.ma/fr/berrechid/téléphones/Berrechid__51353345.htm
iPhone 11,Neuf,64 GB,Derb Omar,Iphone 11 normal,4000,https://www.avito.ma/fr/derb_omar/téléphones/Iphone_11_normal_51352341.htm
iPhone 11 Pro Max,Bon état,256 GB,Toute la ville,Iphone 11 pro max 256G,6400,https://www.avito.ma/fr/jrada/téléphones/Iphone_11_pro_max_256G_51351497.htm
iPhone 11 Pro Max,Bon état,256 GB,2 Mars,iPhone 11 pro max 256 gb,6200,https://www.avito.ma/fr/2_mars/téléphones/iPhone_11_pro_max_256_gb_51350255.htm
iPhone 11,Neuf,128 GB,Hay Riad,IPhone 11 128 go blanc nacré super état ,4000,https://www.avito.ma/fr/hay_riad/téléphones/IPhone_11_128_go_blanc_nacré_super_état__51348048.htm
iPhone 11 Pro Max,Neuf,64 GB,2 Mars,Iphone 11 Pro Max,5500,https://www.avito.ma/fr/2_mars/téléphones/Iphone_11_Pro_Max_51347653.htm
iPhone 11 Pro Max,Bon état,64 GB,Autre secteur,iPhone 11 Pro Max 64G,5500,https://www.avito.ma/fr/autre_secteur/téléphones/iPhone_11_Pro_Max_64G_51345636.htm
iPhone 11,Neuf,64 GB,NONE,iPhone 11 ,3900,https://www.avito.ma/fr/casablanca/téléphones/iPhone_11__51345096.htm
iPhone 11 Pro Max,Bon état,64 GB,Agdal,iphone 11 pro max gold 64gb battery 85,5750,https://www.avito.ma/fr/agdal/téléphones/iphone_11_pro_max_gold_64gb_battery_85_51341962.htm
iPhone X,Bon état,64 GB,Guéliz,Reprise de téléphone ,1000,https://www.avito.ma/fr/gueliz/téléphones/Reprise_de_téléphone__51341813.htm
iPhone 11,Neuf,64 GB,Agdal,iphone 11 64GB batterie 100,4500,https://www.avito.ma/fr/agdal/téléphones/iphone_11_64GB_batterie_100_51341811.htm
iPhone 11,Bon état,64 GB,Aïn Sebaâ,Iphone 11 normal a vendre,2500,https://www.avito.ma/fr/ain_sebaa/téléphones/Iphone_11_normal_a_vendre_51341272.htm
iPhone 11 Pro,Bon état,64 GB,Al Boustane,Iphone 11 pro,4900,https://www.avito.ma/fr/al_boustane/téléphones/Iphone_11_pro_51340352.htm
NONE,Bon état,256 GB,Sbata,Iphone 11 256 gb ,3800,https://www.avito.ma/fr/sbata/téléphones/Iphone_11____256_gb______51339772.htm
iPhone 11 Pro,Neuf,64 GB,Hamria,iPhone 11 Pro ,4500,https://www.avito.ma/fr/hamria/téléphones/iPhone_11_Pro__51338702.htm
iPhone 11,Neuf,128 GB,Centre ville,Iphone 11,4800,https://www.avito.ma/fr/centre_ville/téléphones/Iphone_11_51338508.htm
iPhone 11,Neuf,64 GB,2 Mars,Iphone 11 Officiel,3900,https://www.avito.ma/fr/2_mars/téléphones/Iphone_11_Officiel_51338217.htm
iPhone 11,Reconditionné,128 GB,Hay Salam,Iphone 11 128GB BA9i n9i,4950,https://www.avito.ma/fr/hay_salam/téléphones/Iphone_11_128GB_BA9i_n9i_51337088.htm
iPhone 11,Bon état,128 GB,Sidi Bernoussi,iphone 11 normal ba9i n9ai,4800,https://www.avito.ma/fr/sidi_bernoussi/téléphones/iphone_11_normal_ba9i_n9ai_51335808.htm
iPhone 11 Pro Max,Pour pièces,NONE,Hay Riad,iPhone 11 pro max pour pièces ,1700,https://www.avito.ma/fr/hay_riad/téléphones/iPhone_11_pro_max_pour_pièces__51332561.htm
iPhone 11 Pro,Bon état,64 GB,Mont Fleuri 2,IPHONE 11 PRO ,5300,https://www.avito.ma/fr/mont_fleuri_2/téléphones/IPHONE_11_PRO__51332426.htm
iPhone 11,Bon état,128 GB,Massira,iPhone 11 normal ,4600,https://www.avito.ma/fr/massira/téléphones/iPhone_11_normal__51332175.htm
iPhone 11 Pro,Bon état,64 GB,Oulfa,Iphone 11 pro 64GB,4800,https://www.avito.ma/fr/oulfa/téléphones/Iphone_11_pro_64GB_51331761.htm
iPhone 11,Reconditionné,128 GB,Hay Salam,Iphone 11 normal,4600,https://www.avito.ma/fr/hay_salam/téléphones/Iphone_11_normal_51331097.htm
iPhone 11 Pro Max,Bon état,256 GB,Marina,iPhone 11 Pro Max 256go,5900,https://www.avito.ma/fr/marina/téléphones/iPhone_11_Pro_Max_256go_51330222.htm
iPhone 11,Bon état,128 GB,Sidi Bouzekri,iPhone 11 normale,4000,https://www.avito.ma/fr/sidi_bouzekri/téléphones/iPhone_11_normale_51328757.htm
iPhone 11,Bon état,64 GB,Autre secteur,iPhone 11,4000,https://www.avito.ma/fr/autre_secteur/téléphones/iPhone_11_51328543.htm
iPhone 11,Bon état,128 GB,Sidi Bouzekri,iPhone 11,4000,https://www.avito.ma/fr/sidi_bouzekri/téléphones/iPhone_11_51326999.htm
iPhone 11 Pro,Bon état,64 GB,Sidi Moumen,Iphone 11 Pro 64g,4000,https://www.avito.ma/fr/sidi_moumen/téléphones/Iphone_11_Pro_64g_51326208.htm
iPhone 11,Bon état,64 GB,Autre secteur,iPhone 11 Bon état à vendre ,5000,https://www.avito.ma/fr/autre_secteur/téléphones/iPhone_11_Bon__état_à_vendre__51325827.htm
iPhone 11,Neuf,128 GB,Souissi,Iphone 11 128GB,4000,https://www.avito.ma/fr/souissi/téléphones/Iphone_11_128GB_51325328.htm
iPhone 11,NONE,NONE,Khabazat,Iphone 11 ,4200,https://www.avito.ma/fr/khabazat/téléphones/Iphone_11__51325283.htm
iPhone 11 Pro,Bon état,64 GB,Centre,IPHONE 11 PRO 64GB batt 92 (livraison gratuite),5300,https://www.avito.ma/fr/centre/téléphones/IPHONE_11_PRO_64GB_batt_92__livraison_gratuite__47678649.htm
iPhone 11,Neuf,64 GB,Bournazil,Iphone 11 neuf,4500,https://www.avito.ma/fr/bournazil/téléphones/Iphone_11_neuf_51319999.htm
iPhone 11,Bon état,128 GB,Toute la ville,iPhone 11 128giga,4500,https://www.avito.ma/fr/ouled_teima/téléphones/iPhone_11_128giga_51318699.htm
NONE,Bon état,64 GB,Aïn Sebaâ,Iphone 11 64GB,2500,https://www.avito.ma/fr/ain_sebaa/téléphones/Iphone_11_64GB_51313542.htm
iPhone 11 Pro Max,Bon état,64 GB,C.I.L,iPhone 11 Pro Max ,5500,https://www.avito.ma/fr/cil/téléphones/iPhone_11_Pro_Max__51312025.htm
iPhone 11 Pro Max,Bon état,64 GB,NONE,iphon11pro max à vendre ,7000,https://www.avito.ma/fr/casablanca/téléphones/iphon11pro_max_à_vendre__51311727.htm
iPhone 11,NONE,64 GB,NONE,iphone 11 64Gb ,4200,https://www.avito.ma/fr/rabat/téléphones/iphone_11_64Gb__51309246.htm
iPhone 11 Pro,Bon état,256 GB,Maarif,IPhone 11 Pro 256Gb 64Gb,5000,https://www.avito.ma/fr/maarif/téléphones/IPhone_11_Pro_256Gb_64Gb_51306686.htm
iPhone 11,Bon état,64 GB,Maarif,IPhone 11 64Gb ,4000,https://www.avito.ma/fr/maarif/téléphones/IPhone_11_64Gb__51306626.htm
